Workbook

Sheet Grunddata
A1: Butik | B1: Nr | C1: Region | D1: Postadress | E1: Postnr / Ort | F1: Butikens telefon nr | G1: Handlare/Butikschef Egenägd | H1: Handlare/BC mobil nr (ej sms till BC egenägd) | I1: Mejladress Handlare/BC | J1: Butikschef Handlarägd | K1: Mobil/SMS | L1: Besöksadress | M1: Leveransadress | N1: Ort | O1: Org.nr | P1: Bolagsnamn | Q1: Telefon | R1: Ägandeform | S1: PostNord
A2: Associerad Börjes Tingsryd | B2: 4761 | C2: Syd Handlarägd | D2: Box 7 | E2: 362 21 Tingsryd | F2: 0477-482 00 | G2: Anna Rungegård | H2: 0477-482 00 | I2: anna.rungegard@hemkop.se ; pernilla.malm@hemkop.se | J2: Pernilla Malm | L2: Storgatan 66-68 | M2: Storgatan 66-68 | N2: 362 30 Tingsryd | O2: 556074-9151 | P2: Börjes Tingsryd AB | R2: Associerad | S2: Får ej beställa via Axfoods fraktavtal
A3: Associerad Extra Mjällby Listerlandet | B3: 4597 | C3: Syd Handlarägd | D3: Remelinvägen 4a | E3: 294 00 Sölvesborg | F3: 0456-548 70 | G3: Albin Håkansson | H3: 070-7749171 | I3: albin.hakansson@butikskontakt.se | L3: Remelinvägen 4a | M3: Remelinvägen 4a | N3: 294 00 Sölvesborg | O3: 556430-8087 | P3: Listerhallen AB | R3: Associerad | S3: Får ej beställa via Axfoods fraktavtal
A4: Associerad Fittja Matmarknad Norsborg | B4: 4759 | C4: Stockholm 2 - Mitt Handlarägd | D4: Fittja Torg 21 | E4: 145 51 Norsborg | F4: 08-740 13 37 | G4: Resül Yetim | H4: 073-9800583 | I4: resul.yetim@hemkop.se | L4: Fittja Torg 21 | M4: Fittja Torg 21 | N4: 145 51 Norsborg | O4: 556805-6716 | P4: Munir´s Livs AB | R4: Associerad | S4: Får ej beställa via Axfoods fraktavtal
A5: Associerad Fresha Stockholm Hässelby | B5: 4764 | C5: Stockholm 1 Handlarägd | D5: Hässelby Torg 7 | E5: 165 55 Hässelby | F5: 073-9975400 | G5: Savyo Markus / Stivan Marqus | H5: 073-9975400 | I5: savyo.markus@butikskontakt.se ; sm-matbutik@hotmail.com | L5: Hässelby Torg 7 | M5: Hässelby Torg 7 | N5: 165 55 Hässelby | O5: 559281-2365 | P5: SM Matbutik AB | R5: Associerad | S5: Får ej beställa via Axfoods fraktavtal
A6: Associerad Hemköp Gråbo Bonum | B6: 4936 | C6: Väst Handlarägd | D6: Mjörnbotorget 2 | E6: 443 42 Gråbo | F6: 030-241 265 | G6: Svante Kedner | H6: 070-514 13 25 | I6: svante.kedner@hemkop.se | L6: Mjörnbotorget 2 | M6: Mjörnbotorget 2 | N6: 443 42 Gråbo | O6: 556174-9804 | P6: Bonum Livsmedel i Gråbo AB | R6: Associerad | S6: Får ej beställa via Axfoods fraktavtal
A7: Associerad Hovsjö Matcenter | B7: 4749 | C7: Stockholm 1 Handlarägd | D7: Björnövägen 10 | E7: 151 65 Södertälje | F7: 08-550 411 08 | G7: Leden Shamoon | H7: 070-4674227 | I7: leden.shamoon@butikskontakt.se | J7: Kyara Somo | K7: 070-024 77 78 | L7: Björnövägen 10 | M7: Björnövägen 10 | N7: 151 65 Södertälje | O7: 559089-2542 | P7: Hovsö Närlivs AB | R7: Associerad | S7: Får ej beställa via Axfoods fraktavtal
A8: Associerad Hörby Lågprisaffär | B8: 4602 | C8: Syd Handlarägd | D8: Nygatan 29 | E8: 242 33 Hörby | F8: 0415-103 23 | G8: Bengt V Hansson | H8: 070-5110112 | I8: bengt.hansson@butikskontakt.se | L8: Nygatan 29 | M8: Nygatan 29 | N8: 242 33 Hörby | O8: 430818-3716 | P8: Hörby Lågprisaffär | R8: Associerad | S8: Får ej beställa via Axfoods fraktavtal
A9: Associerad Ingaröhallen Brunn | B9: 4653 | C9: Stockholm 2 - Mitt Handlarägd | D9: Pastor Ödmans Väg 2 | E9: 134 60 Ingarö | F9: 08-57 44 06 40 | G9: Johan Edlund | H9: 070-9266211 | I9: johan.edlund@butikskontakt.se | J9: Katja Wallin | K9: 0708 28 23 16 | L9: Pastor Ödmans Väg 2 | M9: Pastor Ödmans Väg 2 | N9: 134 60 Ingarö | O9: 556657-6236 | P9: Ingaröhallen AB | R9: Associerad | S9: Får ej beställa via Axfoods fraktavtal
A10: Associerad Lågprisvaruhuset MEJK Lindesberg | B10: 4769 | C10: Norr Handlarägd | D10: Bandygatan 2C | E10: 711 34 Lindesberg | F10: 0581-10046 | G10: Mikael Karlsson | H10: 070-6747180 | I10: mikael.karlsson@butikskontakt.se | L10: Bandygatan 2C | M10: Bandygatan 2C | N10: 711 34 Lindesberg | O10: 556544-3404 | P10: MEJK Butiken AB | R10: Associerad | S10: Får ej beställa via Axfoods fraktavtal
A11: Associerad Matköp Tumba Storvreten | B11: 4619 | C11: Stockholm 1 Handlarägd | D11: Storvretsvägen 13 | E11: 147 54 Tumba | F11: 08-530 302 80 | G11: Georgez Tannous | H11: 070-4832987 | I11: georgez.tannous@butikskontakt.se | L11: Storvretsvägen 13 | M11: Storvretsvägen 13 | N11: 147 54 Tumba | O11: 556698-3648 | P11: Al Arez AB | R11: Associerad | S11: Får ej beställa via Axfoods fraktavtal
A12: Associerad Matvärlden Kungens Kurva | B12: 4765 | C12: Stockholm 2 - Mitt Handlarägd | D12: Tangentvägen 14 A | E12: 141 75 Kungens Kurva | F12: 08-124 383 00 | G12: Muhittin Tayli | H12: 0704-945626 | I12: jt@matvarlden.se ; jonas.tayli@butikskontakt.se | L12: Tangentvägen 14 A | M12: Tangentvägen 14 B | N12: 141 75 Kungens Kurva | O12: 559348-7126 | P12: Matvärlden Kungens Kurva AB | R12: Associerad | S12: Får ej beställa via Axfoods fraktavtal
A13: Associerad Matvärlden Veddesta | B13: 4744 | C13: Stockholm 2 - Mitt Handlarägd | D13: Nettovägen 2-4 | E13: 175 41 Järfälla | F13: 08-409 360 00 | G13: Muhittin Tayli | H13: 0704-945626 | I13: jt@matvarlden.se ; jonas.tayli@butikskontakt.se | J13: Mattias Hedberg | K13: 070-9296570 | L13: Nettovägen 2-4 | M13: Nettovägen 2-4 | N13: 175 41 Järfälla | O13: 556969-4754 | P13: Matvärlden Veddesta AB | R13: Associerad | S13: Får ej beställa via Axfoods fraktavtal
A14: Associerad Polargrossen Haparanda | B14: 4696 | C14: Norr Handlarägd | D14: Norra Industrivägen 1 | E14: 953 34 Haparanda | G14: Kari Lantto | H14: 070-5174372 | I14: kari.lantto@polargrossen.se | J14: juho.ikonen@polargrossen.se | L14: Norra Industrivägen 1 | M14: Norra Industrivägen 1 | N14: 953 34 Haparanda | O14: 556576-4759 | P14: Polargrossen AB | R14: Associerad | S14: Får ej beställa via Axfoods fraktavtal
A15: Associerad T-Snabben Stockholm Östra Station | B15: 4692 | C15: Stockholm 1 Handlarägd | D15: Valhallavägen 77 | E15: 114 27 Stockholm | F15: 08-612 18 95 | G15: Frank Thelin | H15: 070-9323920 | I15: frank.thelin@hemkop.se; eva.pettersson@butikskontakt.se | J15: Eva Pettersson | L15: Valhallavägen 77 | M15: Valhallavägen 77 | N15: 114 27 Stockholm | O15: 556986-2427 | P15: Food Market T-Snabben AB | Q15: 08 612 18 95 | R15: Associerad | S15: Får ej beställa via Axfoods fraktavtal
A16: Hemköp Alfta Västanågatan | B16: 4798 | C16: Norr Handlarägd | D16: Västanågatan 3 | E16: 822 31 Alfta | F16: 0271-552 30 | G16: Lena-Marie Persson | H16: 070-5523066 | I16: lena-marie.persson@hemkop.se | J16: Mikael Persson | L16: Västanågatan 3 | M16: Västanågatan 3 | N16: 822 31 Alfta | O16: 559019-8858 | P16: Lena-Maries Livs AB | Q16: 0271-552 30 | R16: Handlarägd | S16: Får ej beställa via Axfoods fraktavtal
A17: Hemköp Alingsås Sveagatan | B17: 4660 | C17: Väst Handlarägd | D17: Sveagatan 8 | E17: 441 32 Alingsås | F17: 0322-61 19 77 | G17: Krister Nordgren/Ros-Mari Abrahamsson | H17: 070-6300049/070-3633047 | I17: krister.nordgren@hemkop.se | L17: Sveagatan 8 | M17: Sveagatan 8 | N17: 441 32 Alingsås | O17: 556885-7162 | P17: Rastor AB | R17: Handlarägd | S17: Får ej beställa via Axfoods fraktavtal
A18: Hemköp Avesta Prästgatan | B18: 4797 | C18: Norr Handlarägd | D18: Prästgatan 26 | E18: 774 33 Avesta | F18: 0226 - 526 40 | G18: Kristoffer Pettersson | H18: 070-4903117 | I18: kristoffer.pettersson@hemkop.se | L18: Prästgatan 26 | M18: Prästgatan 26 | N18: 774 33 Avesta | O18: 559019-8825 | P18: KEKP Mat AB | Q18: 0226-526 40 | R18: Handlarägd | S18: Får ej beställa via Axfoods fraktavtal
A19: Hemköp Avesta Skogsbo | B19: 4714 | C19: Norr Handlarägd | D19: Rutboleden 1 | E19: 774 40 Avesta | F19: 0226-174 410 | G19: Peter Bergvall | H19: 070-6830132 | I19: peter.bergvall@hemkop.se | K19: 0703 55 22 55 | L19: Rutboleden 1 | N19: 774 40 Avesta | O19: 556780-7036 | P19: Mataffär´n i Skogsbo AB | R19: Handlarägd | S19: Får ej beställa via Axfoods fraktavtal
A20: Hemköp Stockholm Bromma Stora Mossen | B20: 4774 | C20: Stockholm 1 Handlarägd | D20: SOBELGRÄND 4 | E20: 167 58 Bromma | F20: 08-12437960 | G20: Jakob Garpe | H20: 070-3939099 | I20: jakob.garpe@hemkop.se | L20: SOBELGRÄND 4 | M20: SOBELGRÄND 4 | N20: 167 58 Bromma | O20: 5593398307 | P20: Hemköp I Bromma AB | R20: 91/9
A21: Hemköp Björklinge C | B21: 4514 | C21: Norr Handlarägd | D21: Södra Långgatan 4 | E21: 743 62 Björklinge | F21: 018-37 00 25 | G21: David Jonegård / Andreas/Johannes Lindgren | H21: 073-9485368 / 073-7251256 / 070-0809562 | I21: david.jonegard@hemkop.se;andreas.lindgren@hemkop.se;johannes.lindgren@hemkop.se | L21: Södra Långåvägen 4 | M21: Södra Långåvägen 4 | N21: 743 62 Björklinge | O21: 556514-6395 | P21: Björkhallen i Björklinge AB | R21: Handlarägd | S21: Får ej beställa via Axfoods fraktavtal
A22: Hemköp Bollebygd Stationsvägen | B22: 4515 | C22: Syd Handlarägd | D22: Stationsvägen 7 | E22: 517 23 Bollebygd | F22: 033-20 42 60 | G22: Lars Wiss | H22: 070-6070648 | I22: lars.wiss@hemkop.se | L22: Stationsvägen 7 | M22: Stationsvägen 7 | N22: 517 23 Bollebygd | O22: 556352-0245 | P22: Bollebygds Stormarknad Nya AB | Q22: 033-20 42 65 | R22: Handlarägd | S22: Får ej beställa via Axfoods fraktavtal
A23: Hemköp Borlänge Södra Backa | B23: 4638 | C23: Norr Handlarägd | D23: Hammargatan 8 | E23: 781 71 Borlänge | F23: 0243-680 00 | G23: Monica Jörgensen | H23: 070-2442118 | I23: monica.jorgensen@hemkop.se | J23: Monica Jörgensen | K23: 0702 44 21 18 | L23: Hammargatan 8 | M23: Hammargatan 8 | N23: 781 71 Borlänge | O23: 556524-2814 | P23: Mathuset i Södra Backa AB | Q23: 0243-680 00/070-666 84 64 | R23: Handlarägd | S23: Får ej beställa via Axfoods fraktavtal
A24: Hemköp Bålsta Gamla C | B24: 4609 | C24: Norr Handlarägd | D24: Stockholmsvägen 14 | E24: 746 33 Bålsta | F24: 0171-500 06 | G24: Calle Lindqvist | H24: 072-3111029 | I24: calle.lindqvist@hemkop.se | L24: Stockholmsvägen 14 | M24: Stockholmsvägen 14 | N24: 746 33 Bålsta | O24: 556298-8674 | P24: Lindqvist Handel AB | R24: Handlarägd | S24: Får ej beställa via Axfoods fraktavtal
A25: Hemköp Dala-Järna Myrbacka | B25: 4773 | C25: Norr Handlarägd | D25: Myrbacka 80 | E25: 786 72 Dala-Järna | F25: 0281-200 01 | G25: Niclas Dahlman | H25: 070-7676275 | I25: niclas.dahlman@hemkop.se | L25: Myrbacka 80 | M25: Myrbacka 80 | N25: 786 72 Dala-Järna | O25: 559506-8981 | P25: Dahlmat AB | Q25: 0281- 200 01 | R25: Handlarägd | S25: Får ej beställa via Axfoods fraktavtal
A26: Hemköp Dalby C | B26: 4517 | C26: Syd Handlarägd | D26: Kristers väg 23 | E26: 247 50 Dalby | F26: 046-20 00 77 | G26: Magnus Holm | H26: 070-2850760 | I26: magnus.holm@hemkop.se | L26: Kristers väg 23 | M26: Kristers väg 23 | N26: 247 50 Dalby | O26: 556700-9344 | P26: Magnus Holms livs i Dalby AB | R26: Handlarägd | S26: Får ej beställa via Axfoods fraktavtal
A27: Hemköp Danderyd Mörby C | B27: 4239 | C27: Stockholm Egenägd | D27: Golfvägen 2 | E27: 182 31 Danderyd | F27: 08-755 00 77 | G27: Linus Edestav | H27: 010-4744239 | I27: butikschef.hemkopmorbyc.4239@hemkop.se | K27: 0761 09 06 59 | L27: Mörby Centrum | M27: Mörbyleden 6 | N27: 182 31 Danderyd | O27: 556113-8826 | P27: Hemköpskedjan AB | Q27: 08- 544 907 58 | R27: Egenägd
A28: Hemköp Delsbo Edevägen | B28: 4667 | C28: Norr Handlarägd | D28: Edevägen 9 | E28: 820 60 Delsbo | F28: 0653-100 03 | G28: Christer Jonsson | H28: 072-5779507 | I28: christer.jonsson@hemkop.se | L28: Edevägen 9 | M28: Edevägen 9 | N28: 820 60 Delsbo | O28: 556885-9507 | P28: Handel & Service i BjuråkerAB | R28: Handlarägd | S28: Får ej beställa via Axfoods fraktavtal
A29: Hemköp Ellös Rosenlundsvägen | B29: 4519 | C29: Väst Handlarägd | D29: Rosenlundsvägen 51 | E29: 474 31 Ellös | F29: 0304-500 51 | G29: Samir Cherif | H29: 070-7427200 | I29: samir.cherif@hemkop.se | J29: Markus Olsson | K29: 072-388 821 00 | L29: Rosenlundsvägen 51 | M29: Rosenlundsvägen 51 | N29: 474 31 Ellös | O29: 556769-4814 | P29: Citybutikerna i Ellös AB | Q29: 0304-50051 | R29: Handlarägd | S29: Får ej beställa via Axfoods fraktavtal
A30: Hemköp Eskilstuna C | B30: 4221 | C30: Mitt Egenägd | D30: Rademacherg. 5-7 | E30: 632 20 Eskilstuna | F30: 016-13 10 40 | G30: Erik Johansson Englund | H30: 010-4744221 | I30: butikschef.hemkopeskilstunac.4221@hemkop.se | K30: 0761 09 06 12 | L30: Rademacherg. 5-7 | M30: Rademacherg. 5-7 | N30: 632 20 Eskilstuna | O30: 556113-8826 | P30: Hemköpskedjan AB | R30: Egenägd
A31: Hemköp Falun C | B31: 4203 | C31: Stockholm-Norr Egenägd | D31: Holmgatan 18 | E31: 791 71 Falun | F31: 023-268 50 | G31: Jonas Thunstedt | H31: 010-4744203 | I31: butikschef.hemkopfalunc.4203@hemkop.se | K31: 0761 09 06 14 | L31: Holmgatan 18 | M31: Holmgatan 18 | N31: 791 71 Falun | O31: 556113-8826 | P31: Hemköpskedjan AB | R31: Egenägd
A32: Hemköp Falun Hosjö | B32: 4687 | C32: Norr Handlarägd | D32: Centralvägen 7 | E32: 791 46 Falun | F32: 023-320 84 | G32: Andreas Nygårdh | H32: 070-0909987 | I32: andreas.nygardh@hemkop.se | L32: Centralvägen 7 | M32: Centralvägen 7 | N32: 791 46 Falun | O32: 556961-5627 | P32: Mat i Hosjö AB | R32: Handlarägd | S32: Får ej beställa via Axfoods fraktavtal
A33: Hemköp Fellingsbro C | B33: 4520 | C33: Norr Handlarägd | D33: Hemvägen | E33: 732 71 Fellingsbro | F33: 0581-62 00 53 | G33: Andreas Fredriksson | H33: 070-2423352 | I33: andreas.fredriksson@hemkop.se | L33: Hemvägen | M33: Hemvägen | N33: 732 71 Fellingsbro | O33: 556616-0072 | P33: Anforina AB | R33: Handlarägd | S33: Får ej beställa via Axfoods fraktavtal
A34: Hemköp Gnesta Dansutvägen | B34: 4521 | C34: Stockholm 2 - Mitt Handlarägd | D34: Dansutvägen 2 | E34: 646 30 Gnesta | F34: 0158-262 75 | G34: Andreas Norlin | H34: 073-6602931 | I34: andreas.norlin@hemkop.se | J34: Stefan Andersson | K34: 0705 92 76 60 | L34: Dansutvägen 2 | M34: Dansutvägen 2 | N34: 646 30 Gnesta | O34: 556581-4778 | P34: Stopp Matmarknad i Gnesta AB | Q34: 0158-262 75/073-388 78 29 | R34: Handlarägd | S34: Får ej beställa via Axfoods fraktavtal
A35: Hemköp Grums Orrby | B35: 4930 | C35: Norr Handlarägd | D35: Orrkullegatan 2 | E35: 64 31 Grums | F35: 0555-430 40 | G35: Krister Lennartsson | H35: 070-2390388 | I35: krister.lennartsson@hemkop.se | L35: Orrkullegatan 2 | M35: Orrkullegatan 2 | N35: 664 31 Grums | O35: 559520-6474 | P35: HK Grums AB | R35: Handlarägd | S35: Får ej beställa via Axfoods fraktavtal
A36: Hemköp Grästorp Södergatan | B36: 4524 | C36: Väst Handlarägd | D36: Södergatan 27 | E36: 467 30 Grästorp | F36: 0514-589 99 | G36: Andreas Lindahl | H36: 073-0373849 | I36: andreas.lindahl@hemkop.se | J36: Sofie Nilsson | L36: Södergatan 27 | M36: Södergatan 27 | N36: 467 30 Grästorp | O36: 556137-8679 | P36: Lindahls Vinstköp AB | Q36: 0514-58999 | R36: Handlarägd | S36: Får ej beställa via Axfoods fraktavtal
A37: Hemköp Gustavsberg Hamnen | B37: 4670 | C37: Stockholm 1 Handlarägd | D37: Odelsbergs väg 1 | E37: 134 40 Gustavsberg | F37: 08-570 35 650 | G37: Stephan Johnsson | H37: 070-7294916 | I37: stephan@affarsbyggarna.se;anders@affarsbyggarna.se; david.valentin@hemkop.se | J37: David Valentin | K37: 0704 32 36 14 | L37: Odelsbergs väg 1 | M37: Odelsbergs väg 1 | N37: 134 40 Gustavsberg | O37: 556910-7799 | P37: Hamnens Livs AB | Q37: 073-716 16 88 | R37: Handlarägd | S37: Får ej beställa via Axfoods fraktavtal
A38: Hemköp Göteborg Annedal | B38: 4512 | C38: Väst Handlarägd | D38: Brunnsgatan 5 | E38: 413 12 Göteborg | F38: 031-41 86 05 | G38: Ulf Törnestrand | H38: 070-8117298 | I38: ulf.tornestrand@hemkop.se | J38: Antonia Törnerstrand | K38: 031-41 86 05 | L38: Brunnsgatan 5 | M38: Brunnsgatan 5 | N38: 413 12 Göteborg | O38: 556235-3150 | P38: Ulf Törnestrand AB | Q38: 031-41 86 05 ank 613 | R38: Handlarägd | S38: Får ej beställa via Axfoods fraktavtal
A39: Hemköp Göteborg Frölunda Torg | B39: 4353 | C39: Göteborg Egenägd | D39: Marconigatan lastkaj 10 | E39: 421 44 Västra Frölunda | F39: 031-734 36 00 | G39: Annika Pantzar | H39: 010-4744353 | I39: butikschef.hemkopgoteborgfrolundatorg.4353@hemkop.se | K39: 0761 09 06 17 | L39: Marconigatan lastkaj 10 | M39: Marconigatan lastkaj 10 | N39: 421 44 Västra Frölunda | O39: 556113-8826 | P39: Hemköpskedjan AB | Q39: 031-734 36 28 | R39: Egenägd
A40: Hemköp Göteborg Guldheden | B40: 4264 | C40: Göteborg Egenägd | D40: Dr Fries torg | E40: 413 23 Göteborg | F40: 031-82 25 06 | G40: Fredrik Pehrson | H40: 010-4744264 | I40: butikschef.hemkopgoteborgguldheden.4264@hemkop.se | L40: Dr Fries torg | M40: Dr Fries torg | N40: 413 23 Göteborg | O40: 556068-3509 | P40: AB Jiffy | Q40: 070-4805946 | R40: Egenägd
A41: Hemköp Göteborg Högsbohöjd | B41: 4530 | C41: Väst Handlarägd | D41: Fyrktorget 1 | E41: 414 83 Göteborg | F41: 031-41 41 16 | G41: Hans Sahlman | H41: 072-8570088 | I41: hans.sahlman@hemkop.se | J41: Ture Millbom Gustavsson | K41: 0761 72 21 00 | L41: Fyrktorget 1 | M41: Fyrktorget 1 | N41: 414 83 Göteborg | O41: 556655-3367 | P41: Högsbohöjds Livs AB | Q41: 073-707 32 51 | R41: Handlarägd | S41: Får ej beställa via Axfoods fraktavtal
A42: Hemköp Göteborg Kortedala Torg | B42: 4146 | C42: Göteborg Egenägd | D42: Kortedala Torg 9 | E42: 415 10 Göteborg | F42: 031-43 06 70 | G42: Jeanette Andersson | H42: 010-4744146 | I42: butikschef.hemkopgoteborgkortedalatorg.4146@hemkop.se | K42: 0761 09 06 19 | L42: Kortedala Torg 9 | M42: Kortedala Torg 9 | N42: 415 10 Göteborg | O42: 556113-8826 | P42: Hemköpskedjan AB | R42: Egenägd
A43: Hemköp Göteborg Linnégatan | B43: 4547 | C43: Väst Handlarägd | D43: Linnégatan 36A | E43: 413 04 Göteborg | F43: 031-42 17 57 | G43: Samir Cherif | H43: 070-7427200 | I43: samir.cherif@hemkop.se | J43: Jonas Scherp | K43: 0705 66 68 33 | L43: Linnégatan 36A | M43: Linnégatan 36A | N43: 413 04 Göteborg | O43: 556572-4506 | P43: Citybutikerna i Göteborg AB | R43: Handlarägd | S43: Får ej beställa via Axfoods fraktavtal
A44: Hemköp Göteborg Lundby Park | B44: 4222 | C44: Göteborg Egenägd | D44: Hjalmar Brantingsgatan 108 | E44: 417 11 Göteborg | F44: 031-363 69 30 | G44: Jennifer Berggren | H44: 010-4744222 | I44: butikschef.hemkopgoteborglundbypark.4222@hemkop.se | K44: 0761 09 0648 | L44: Hjalmar Brantingsgatan 108 | M44: Rosenapelgatan 38 | N44: 417 11 Göteborg | O44: 556113-8826 | P44: Hemköpskedjan AB | R44: Egenägd
A45: Hemköp Göteborg Långedrag | B45: 4555 | C45: Väst Handlarägd | D45: Redegatan 9 | E45: 426 77 Västra Frölunda | F45: 031-769 03 00 | G45: Hans Sahlman | H45: 072-8570088 | I45: hans.sahlman@hemkop.se | J45: Robin Svensson | K45: 072-2724566 | L45: Redegatan 9 | M45: Redegatan 9 | N45: 426 77 Västra Frölunda | O45: 556720-2105 | P45: Redergatans Livs AB | Q45: 031-769 03 00/073-707 03 08 | R45: Handlarägd | S45: Får ej beställa via Axfoods fraktavtal
A46: Hemköp Göteborg Majorna | B46: 4557 | C46: Väst Handlarägd | D46: Kustgatan 14 | E46: 414 55 Göteborg | F46: 031-14 02 60 | G46: Hans Sahlman | H46: 072-8570088 | I46: hans.sahlman@hemkop.se | J46: Robert Larsson | K46: 031-140260 | L46: Kustgatan 14 | M46: Kustgatan 14 | N46: 414 55 Göteborg | O46: 556336-6326 | P46: Matmästaren Terningen i Göteborg Aktiebolag | Q46: 073-632 43 57 | R46: Handlarägd | S46: Får ej beställa via Axfoods fraktavtal
A47: Hemköp Göteborg Masthuggstorget | B47: 4559 | C47: Väst Handlarägd | D47: Masthuggstorget 3A | E47: 413 27 Göteborg | F47: 031-85 66 30 | G47: Samir Cherif | H47: 070-7427200 | I47: samir.cherif@hemkop.se | J47: Andreas Kent | K47: 0709 14 05 13 | L47: Masthuggstorget 3A | M47: Masthuggstorget 3A | N47: 413 27 Göteborg | O47: 556682-6276 | P47: Citybutikerna Direkt i Göteborg AB | Q47: 070- 742 72 01 | R47: Handlarägd | S47: Får ej beställa via Axfoods fraktavtal
A48: Hemköp Göteborg Nordenskiöldsgatan | B48: 4561 | C48: Väst Handlarägd | D48: Nordenskiöldsgatan 13-17 | E48: 413 09 Göteborg | F48: 031-24 62 42 | G48: Ola Andersson | H48: 070-4805947 | I48: ola.andersson1@hemkop.se | L48: Nordenskiöldsgatan 13-17 | M48: Nordenskiöldsgatan 13-17 | N48: 413 09 Göteborg | O48: 556057-8097 | P48: Abama AB | Q48: 070-480 59 47 | R48: Handlarägd | S48: Får ej beställa via Axfoods fraktavtal
A49: Hemköp Göteborg Nordstan | B49: 4269 | C49: Göteborg Egenägd | D49: Östra Hamngatan 20 | E49: 411 09 Göteborg | F49: 031-63 66 30 | G49: Mikael Pettersson | H49: 010-4744269 | I49: butikschef.hemkopgoteborgnordstan.4269@hemkop.se | K49: 0761 09 06 20 | L49: Ö.Hamngatan | M49: Ö.Hamng. 18 Lastkaj 6 | N49: 411 09 Göteborg | O49: 556113-8826 | P49: Hemköpskedjan AB | Q49: 031-63 66 30 | R49: Egenägd
A50: Hemköp Göteborg Opaltorget | B50: 4219 | C50: Göteborg Egenägd | D50: Opaltorget 11 | E50: 421 62 Västra Frölunda | F50: 031-36 36 680 | G50: Anna Rakic | H50: 010-4744205 | I50: butikschef.hemkopgoteborgopaltorget.4219@hemkop.se | K50: 0761 40 61 79 | L50: Opaltorget 11 | M50: Opalgatan 79 A | N50: 421 62 Västra Frölunda | O50: 556113-8826 | P50: Hemköpskedjan AB | R50: Egenägd
A51: Hemköp Göteborg Selma Lagerlöfs Torg | B51: 4360 | C51: Göteborg Egenägd | D51: Selma Lagerlöfs Torg 3 | E51: 422 48 Hisings Backa | F51: 031-787 22 60 | G51: Krister Blom | H51: 010-4744360 | I51: butikschef.hemkopgoteborgselmalagerlofstorg.4360@hemkop.se | K51: 0761 09 06 21 | L51: Backadalen 25 | M51: Selma lagerlöfs Torg 3 | N51: 422 48 Hisings Backa | O51: 556113-8826 | P51: Hemköpskedjan AB | R51: Egenägd
A52: Hemköp Göteborg Stigbergstorget | B52: 4349 | C52: Göteborg Egenägd | D52: Stigbergstorget 6 | E52: 414 63 Göteborg | F52: 031-704 51 00 | G52: Raine De Boer | H52: 010-4744349 | I52: butikschef.hemkopgoteborgstigbergstorget.4349@hemkop.se | K52: 0761 09 06 22 | L52: Stigbergstorget 6 | M52: Stigbergstorget 6 | N52: 414 63 Göteborg | O52: 556113-8826 | P52: Hemköpskedjan AB | R52: Egenägd
A53: Hemköp Göteborg Torslanda C | B53: 4792 | C53: Väst Handlarägd | D53: Torslanda Torg | E53: 423 21 Torslanda | F53: 031-56 76 40 | G53: Thomas Axell | H53: 070-5505796 | I53: thomas.axell@hemkop.se | J53: Fredrik Magneson | K53: 073-388 80 74 | L53: Torslanda Torg | M53: Torslanda Torg | N53: 423 21 Torslanda | O53: 559064-0941 | P53: Mataffären i Torslanda AB | Q53: 031- 56 76 40 | R53: Handlarägd | S53: Får ej beställa via Axfoods fraktavtal
A54: Hemköp Göteborg Vasagatan | B54: 4504 | C54: Väst Handlarägd | D54: Vasagatan 30 | E54: 411 24 Göteborg | F54: 031-17 04 05 | G54: Mikael Hellberg | H54: 073-3300814 | I54: michael.hellberg@hemkop.se | J54: Miranda Amilon | K54: 031-17 04 05 | L54: Vasagatan 30 | M54: Vasagatan 30 | N54: 411 24 Göteborg | O54: 556780-7069 | P54: Hellberg & Jagebro Livs AB | R54: Handlarägd | S54: Får ej beställa via Axfoods fraktavtal
A55: Hemköp Halmstad C | B55: 4245 | C55: Syd Egenägd | D55: Köpmansgatan 13 | E55: 302 42 Halmstad | F55: 035-21 83 45 | G55: Jörgen Westman | H55: 010-4744245 | I55: butikschef.hemkophalmstadc.4245@hemkop.se | K55: 0761 09 06 25 | L55: Köpmansgatan 13 | M55: Klammerdammsgatan 11-13 | N55: 302 42 Halmstad | O55: 556113-8826 | P55: Hemköpskedjan AB | Q55: 070-510 82 40 | R55: Egenägd
A56: Hemköp Haninge C | B56: 4189 | C56: Stockholm Egenägd | D56: Stores Gränd 26 | E56: 136 46 Haninge | F56: 08-448 58 30 | G56: Stefan Utvik | H56: 010-4744189 | I56: butikschef.hemkophaningec.4189@hemkop.se | K56: 0761 35 72 73 | L56: Stores Gränd 26 | M56: Stores Gränd 26 | N56: 136 46 Haninge | O56: 556113-8826 | P56: Hemköpskedjan AB | Q56: 08- 448 58 30 | R56: Egenägd
A57: Hemköp Haninge Vega | B57: 4751 | C57: Stockholm 2 - Mitt Handlarägd | D57: Vega allé 2 | E57: 136 47 Haninge | F57: 08-400 771 20 | G57: Camilla Sundheden / Jimmy Fågelqvist | H57: 073-9240379 | I57: camilla.sundheden@hemkop.se | J57: Camilla Sundheden | K57: 073-924 03 79 | L57: Vega allé 2 | M57: Vega allé 2 | N57: 136 47 Haninge | O57: 559286-4259 | P57: Vega Matmarknad AB | Q57: 08-400 771 20 | R57: Handlarägd | S57: Får ej beställa via Axfoods fraktavtal
A58: Hemköp Haverdal Klövervägen | B58: 4511 | C58: Syd Handlarägd | D58: Klövervägen 1A | E58: 310 42 Haverdal | F58: 035-520 57 | G58: Magnus Kock | H58: 070-6810900 | I58: magnus.kock@hemkop.se | L58: Box 31, Klövervägen | M58: Box 31, Klövervägen | N58: 310 42 Haverdal | O58: 556233-1040 | P58: Ankaret i Haverdal AB | Q58: 035-520 57 | R58: Handlarägd | S58: Får ej beställa via Axfoods fraktavtal
A59: Hemköp Hedemora Gussarvet | B59: 4263 | C59: Stockholm-Norr Egenägd | D59: Gussvarvsgatan 23 | E59: 776 33 Hedemora | F59: 0225-122 40 | G59: Terese Awen | H59: 010-4744263 | I59: butikschef.hemkophedemoragussarvet.4263@hemkop.se | K59: 0761 09 06 27 | L59: Gussarvsgatan 23 | M59: Melinsg. 14, | N59: 776 21 Hedemora | O59: 556113-8826 | P59: Hemköpskedjan AB | Q59: 0225-122 40 | R59: Egenägd
A60: Hemköp Helsingborg Laröd | B60: 4542 | C60: Syd Handlarägd | D60: Serpentinvägen 7 | E60: 254 82 Helsingborg | F60: 042-927 30 | G60: Krasimir Radev | H60: 070-2953317 | I60: krasimir.radev@hemkop.se | L60: Serpentinvägen 3 | M60: Serpentinvägen 3 | N60: 252 84 Helsingborg | O60: 556178-6111 | P60: Matesset AB | R60: Handlarägd | S60: Får ej beställa via Axfoods fraktavtal
A61: Hemköp Helsingborg Rydebäck | B61: 4569 | C61: Syd Handlarägd | D61: Frösögatan 7 | E61: 257 30 Rydebäck | F61: 042-22 13 73 | G61: Henrik Liljedahl | H61: 072-5296950 | I61: henrik.liljedahl@hemkop.se | L61: Frösögatan 7 | M61: Frösögatan 7 | N61: 257 30 Rydebäck | O61: 556673-7051 | P61: Kattesund Livs AB | R61: Handlarägd | S61: Får ej beställa via Axfoods fraktavtal
A62: Hemköp Helsingborg Stattena C | B62: 4293 | C62: Syd Egenägd | D62: Stattena Centrum 6 | E62: 254 44 Helsingborg | F62: 042-12 00 70 | G62: Asim Dibrani | H62: 010-4744293 | I62: butikschef.hemkophelsingborgstattenac.4293@hemkop.se | K62: 0761 09 06 28 | L62: Stattena centrum 6 | M62: Nelly Krooksg 2 | N62: 250 07 Helsingborg | O62: 556113-8826 | P62: Hemköpskedjan AB | Q62: 042-12 00 70 | R62: Egenägd
A63: Hemköp Helsingborg Söder | B63: 4214 | C63: Syd Egenägd | D63: Nedre Holländargatan 7 | E63: 252 25 Helsingborg | F63: 042-442 53 10 | G63: Emil Appelgren | H63: 010-4744214 | I63: butikschef.hemkophelsingborgsoder.4214@hemkop.se | K63: 0722 46 13 64 | L63: Nedre Holländargatan 7 | M63: Nedre Holländargatan 7 | N63: 252 25 Helsingborg | O63: 556113-8826 | P63: Hemköpskedjan AB | R63: Egenägd
A64: Hemköp Herrljunga C | B64: 4526 | C64: Väst Handlarägd | D64: Östra Parkgatan 1 | E64: 524 30 Herrljunga | F64: 0513-100 24 | G64: Anna och Peter Gunnarsson/ Richard Wartmark | H64: 070-9922209 / 070 3726894/076-8119231 | I64: anna.gunnarsson@hemkop.se ; peter.gunnarsson@hemkop.se ; richard.wartmark@hemkop.se | L64: Östra Parkgatan 1 | M64: Östra Parkgatan 1 | N64: 524 30 Herrljunga | O64: 556307-3062 | P64: Herrljunga City Livs AB | R64: Handlarägd | S64: Får ej beställa via Axfoods fraktavtal
A65: Hemköp Huddinge C | B65: 4605 | C65: Stockholm 1 Handlarägd | D65: Forellvägen 14 | E65: 141 47 Huddinge | F65: 08-449 84 40 | G65: Frank Thelin | H65: 070-9323920 | I65: frank.thelin@hemkop.se; erik.thelin@hemkop.se | J65: Erik Thelin | K65: 070-2298450 | L65: Forellvägen 14 | M65: Forellvägen 14 | N65: 141 47 Huddinge | O65: 556261-9998 | P65: Foodmarket i Stockholm AB | Q65: 08 449 84 54 | R65: Handlarägd | S65: Får ej beställa via Axfoods fraktavtal
A66: Hemköp Huddinge Matbörsen | B66: 4610 | C66: Stockholm 1 Handlarägd | D66: Kallkärrsvägen 66 | E66: 141 41 Huddinge | F66: 08-449 34 05 | G66: Frank Thelin | H66: 070-9323920 | I66: frank.thelin@hemkop.se; lennart.strom@hemkop.se | J66: Lennart Ström | L66: Kallkärrsvägen 66 | M66: Kallkärrsvägen 66 | N66: 141 41 Huddinge | O66: 556761-0414 | P66: Foodmarket i Snättringe AB | Q66: 08 449 34 05 | R66: Handlarägd | S66: Får ej beställa via Axfoods fraktavtal
A67: Hemköp Hudiksvall C | B67: 4131 | C67: Stockholm-Norr Egenägd | D67: V. Tullgatan 13 | E67: 824 30 Hudiksvall | F67: 0650-188 90 | G67: Carina Hermansson | H67: 010-4744131 | I67: butikschef.hemkophudiksvallc.4131@hemkop.se | K67: 0761 09 06 29 | L67: V. Tullgatan 13 | M67: V. Tullgatan 13 | N67: 824 30 Hudiksvall | O67: 556113-8826 | P67: Hemköpskedjan AB | R67: Egenägd
A68: Hemköp Härnösand C | B68: 4252 | C68: Stockholm-Norr Egenägd | D68: Storgatan 26 | E68: 871 31 Härnösand | F68: 0611-131 75 | G68: Daniel Moberg | H68: 010-4744252 | I68: butikschef.hemkopharnosandc.4252@hemkop.se | K68: 076-0820485 | L68: Storgatan 26 | M68: Storgatan 26 | N68: 871 31 Härnösand | O68: 556113-8826 | P68: Hemköpskedjan AB | Q68: 0611-131 75 | R68: Egenägd
A69: Hemköp Insjön Hjultorget | B69: 4657 | C69: Norr Handlarägd | D69: Hjultorget 30 | E69: 793 41 Insjön | F69: 0247-79 20 50 | G69: Daniel Harutun | H69: 070-3601595 | I69: daniel.harutun@hemkop.se | L69: Hjultorget 30 | M69: Hjultorget 30 | N69: 793 41 Insjön | O69: 556861-4290 | P69: Mathuset Hjultorget AB | Q69: 0247-79 20 50/076-790 43 20 | R69: Handlarägd | S69: Får ej beställa via Axfoods fraktavtal
A70: Hemköp Jakobsberg | B70: 4119 | C70: Stockholm-Norr Egenägd | D70: Riddarplatsen 14 | E70: 177 30 Järfälla | F70: 08-584 00 850 | G70: Sandra Stendalen | H70: 010-4744119 | I70: butikschef.hemkopjakobsbergc.4119@hemkop.se | K70: 0761 09 06 31 | L70: Riddarplatsen 14 | M70: Riddarplatsen 14 | N70: 177 30 Järfälla | O70: 556113-8826 | P70: Hemköpskedjan AB | Q70: 08-584 008 50 | R70: Egenägd
A71: Hemköp Järfälla Barkarbystaden | B71: 4230 | C71: Stockholm-Norr Egenägd | D71: Barkarbyvägen 120 | E71: 177 47 Järfälla | F71: 08-124 355 50 | G71: Christos Aidonidos | H71: 010-4744230 | I71: butikschef.hemkopjarfallabarkarbystaden.4230@hemkop.se | K71: 076-7815560 | L71: Barkarbyvägen 120 | M71: Jaktfalksgatan 5 | N71: 177 67 Järfälla | O71: 556113-8826 | P71: Hemköpskedjan AB | R71: Egenägd
A72: Hemköp Järfälla Stäket | B72: 4111 | C72: Stockholm-Norr Egenägd | D72: Skarprättarvägen 36-38 | E72: 176 77 Järfälla | F72: 08-584 907 40 | G72: Lava Abdulkadir | H72: 010-4744111 | I72: butikschef.hemkopjarfallastaket.4111@hemkop.se | K72: 0761 09 06 62 | L72: Skarprättarvägen 36-38 | M72: Skarprättarvägen 36-38 | N72: 176 77 Järfälla | O72: 556113-8826 | P72: Hemköpskedjan AB | Q72: 08-584 907 48 | R72: Egenägd
A73: Hemköp Jönköping C | B73: 4674 | C73: Syd Handlarägd | D73: Barnarpsgatan 10 | E73: 553 16 Jönköping | F73: 036-715 467-68 | G73: Oscar Zandén | H73: 073-3443307 | I73: oscar.zanden@hemkop.se | L73: Barnarpsgatan 10 | M73: Barnarpsg. 10 | N73: 553 16 Jönköping | O73: 556785-7973 | P73: CO Zandén AB | R73: Handlarägd | S73: Får ej beställa via Axfoods fraktavtal
A74: Hemköp Jönköping Munksjöstaden | B74: 4208 | C74: Syd Egenägd | D74: Vaggerydsgatan 17 | E74: 553 30 Jönköping | F74: 036-331 11 80 | G74: Nathalie Nero | H74: 010-4744208 | I74: butikschef.hemkopjonkopingmunksjostaden.4208@hemkop.se | K74: 0722 36 20 27 | L74: Vaggerydsgatan 21 | M74: Vaggerydsgatan 17 | N74: 553 30 Jönköping | O74: 556113-8826 | P74: Hemköpskedjan AB | R74: Egenägd
A75: Hemköp Kalmar Kvarnholmen | B75: 4207 | C75: Syd Egenägd | D75: Fiskaregatan 43 | E75: 392 48 Kalmar | F75: 0480-334 630 | G75: Jenni Bremer | H75: 010-4744207 | I75: butikschef.hemkopkalmarkvarnholmen.4207@hemkop.se | K75: 0768 32 88 97 | L75: Fiskaregatan 43 | M75: Strömgatan 20 | N75: 392 48 Kalmar | O75: 556113-8826 | P75: Hemköpskedjan AB | R75: Egenägd
A76: Hemköp Karlskrona C | B76: 4534 | C76: Syd Handlarägd | D76: Ronnebygatan 34-36 | E76: 371 33 Karlskrona | F76: 0455-291 10 | G76: Karl-Johan Samuelsson, Fredrik Samuelsson | H76: 070-9902545 | I76: karl-johan.samuelsson@hemkop.se;fredrik.samuelsson@hemkop.se | L76: Ronnebygatan 34-36 | M76: Ronnebygatan 34-36 | N76: 371 33 Karlskrona | O76: 556563-7583 | P76: ESSÅSA AB | R76: Handlarägd | S76: Får ej beställa via Axfoods fraktavtal
A77: Hemköp Karlstad C | B77: 4755 | C77: Norr Handlarägd | D77: Drottninggatan 33 | E77: 652 25 Karlstad | F77: 054-15 22 00 | G77: Jesper Haag | H77: 076-8695939 | I77: jesper.haag@hemkop.se | K77: 076-869 59 39 | L77: Drottningg 33 | M77: Drottninggatan 33 | N77: 652 25 Karlstad | O77: 559380-0310 | P77: Haags Förvaltning AB | Q77: 054-15 22 00 | R77: Handlarägd | S77: Får ej beställa via Axfoods fraktavtal
A78: Hemköp Kinna C | B78: 4535 | C78: Syd Handlarägd | D78: Stationsgatan 1 | E78: 511 54 Kinna | F78: 0320-120 35 | G78: Stefan Jagebro | H78: 070-3140744 | I78: stefan.jagebro@hemkop.se | L78: Stationsgatan 1 | M78: Stationsgatan 1 | N78: 511 54 Kinna | O78: 556681-6459 | P78: Hellberg & Jagerbro Livs AB | Q78: 0320-120 35 | R78: Handlarägd | S78: Får ej beställa via Axfoods fraktavtal
A79: Hemköp Kisa C | B79: 4604 | C79: Syd Handlarägd | D79: Torggatan 6 | E79: 590 40 Kisa | F79: 0494-100 15 | G79: Leif Johansson | H79: 070-2993558 | I79: leif.johansson@hemkop.se | L79: Torggatan 6 | M79: Torggatan 6 | N79: 590 40 Kisa | O79: 556183-9860 | P79: LJ Livs AB | R79: Handlarägd | S79: Får ej beställa via Axfoods fraktavtal
A80: Hemköp Kolbäck C | B80: 4537 | C80: Norr Handlarägd | D80: Linneatorget 4 | E80: 730 40 Kolbäck | F80: 0220-455 90 | G80: Cecilia Cers | H80: 070-2101378 | I80: cecilia.cers@hemkop.se | L80: Box 4, Linneatorget 4 | M80: Box 4, Linneatorget 4 | N80: 730 40 Kolbäck | O80: 556564-6303 | P80: Livs i Kubik i Kolbäck AB | R80: Handlarägd | S80: Får ej beställa via Axfoods fraktavtal
A81: Hemköp Kullavik C | B81: 4727 | C81: Syd Handlarägd | D81: Kullaviks Centrum | E81: 429 30 Kullavik | F81: 031-93 00 68 | G81: Daniel Quist/Andreas Quist | H81: 073-5330875 / 073-5330876 | I81: daniel.quist@hemkop.se;andreas.quist@hemkop.se | L81: Kullaviks Centrum | M81: Kullaviks Centrum | N81: 429 30 Kullavik | O81: 559258-5300 | P81: Kullaviks Stormarknad AB | R81: Handlarägd | S81: Får ej beställa via Axfoods fraktavtal
A82: Hemköp Kungsbacka Billdal | B82: 4681 | C82: Syd Handlarägd | D82: Kungsporten 6 B | E82: 427 50 Billdal | F82: 031-93 92 50 | G82: Daniel Quist/Andreas Quist | H82: 073-5330875 / 073-5330876 | I82: daniel.quist@hemkop.se;andreas.quist@hemkop.se | J82: Andreas Quist | K82: 0735 33 08 76 | L82: Kungsporten 6 B | M82: Kungsporten 6 B | N82: 427 50 Billdal | O82: 556961-7474 | P82: Billdals stormarknad AB | Q82: 031- 93 92 50/0702-21 26 35 | R82: Handlarägd | S82: Får ej beställa via Axfoods fraktavtal
A83: Hemköp Kungsbacka Hålabäck | B83: 4676 | C83: Syd Handlarägd | D83: Blomstergatan 4 | E83: 434 43 Kungsbacka | F83: 0300-134 55 | G83: Johannes Ekström | H83: 070-8769103 | I83: johannes.ekstrom@hemkop.se | L83: Blomstergatan 4 | M83: Blomstergatan 4 | N83: 434 43 Kungsbacka | O83: 556934-7197 | P83: Hålabäcks Matcenter AB | Q83: 0300-134 55 | R83: Handlarägd | S83: Får ej beställa via Axfoods fraktavtal
A84: Hemköp Kungsbacka Torget | B84: 4716 | C84: Syd Handlarägd | D84: Södra Torgg 16 | E84: 434 30 Kungsbacka | F84: 0300-56 61 80 | G84: Johannes Ekström | H84: 070 -8769103 | I84: johannes.ekstrom@hemkop.se | L84: Södra Torgg 16 | M84: Södra Torgg 16 | N84: 434 30 Kungsbacka | O84: 556901-9291 | P84: Matcenter i kungsbacka AB | R84: Handlarägd | S84: Får ej beställa via Axfoods fraktavtal
A85: Hemköp Köping C | B85: 4673 | C85: Norr Handlarägd | D85: Stora Gatan 16 | E85: 731 30 Köping | F85: 0221-276 51 | G85: Magnus Skjärlund | H85: 072-5055007 | I85: magnus.skjarlund@hemkop.se | L85: Stora Gatan 16 | M85: Stora Gatan 16 | N85: 731 30 Köping | O85: 556931-3629 | P85: Mköp Köping AB | R85: Handlarägd | S85: Får ej beställa via Axfoods fraktavtal
A86: Hemköp Leksand C | B86: 4142 | C86: Stockholm-Norr Egenägd | D86: Hantverkaregatan 19 | E86: 793 30 Leksand | F86: 0247-129 10 | G86: Torbjörn Bengtsen | H86: 010-4744142 | I86: butikschef.hemkopleksandc.4142@hemkop.se | K86: 0761 09 06 40 | L86: Leksandsvägen 24 | M86: Leksandsv. 24 | N86: 793 30 Leksand | O86: 556113-8826 | P86: Hemköpskedjan AB | Q86: 0247-129 10 | R86: Egenägd
A87: Hemköp Lerum | B87: 4779 | C87: Göteborg Egenägd | D87: Adeltorpsvägen 6-8 | E87: 443 30 Lerum | F87: 0302-524 444 | G87: Fredrik Lindqvist | H87: 070-8314631 | I87: fredrik.lindqvist@hemkop.se | K87: 070-8314631 | L87: Adeltorpsvägen 6-8 | M87: Adeltorpsvägen 6-8 | N87: 443 30 Lerum | O87: 559229-8904 | P87: Hemköp i Lerum AB | R87: 91/9
A88: Hemköp Lidingö Brevik | B88: 4697 | C88: Stockholm 1 Handlarägd | D88: Södra Kungsvägen 240 | E88: 181 62 Lidingö | F88: 08-766 00 30 | G88: Andreas Gruber | H88: 073-5017901 | I88: andreas.gruber@hemkop.se ; linda.cederblad@hemkop.se | J88: Linda Cederblad | L88: Södra Kungsvägen 240 | M88: Södra Kungsvägen 240 | N88: 181 62 Lidingö | O88: 556872-0220 | P88: TJ & AG Livsmedel AB | Q88: 08-766 0030 | R88: Handlarägd | S88: Får ej beställa via Axfoods fraktavtal
A89: Hemköp Lidköping C | B89: 4228 | C89: Mitt Egenägd | D89: Norra Torngatan 24 | E89: 531 31 Lidköping | F89: 0510-202 01 | G89: Stina Fahlgren | H89: 010-4744228 | I89: butikschef.hemkoplidkopingc.4228@hemkop.se | K89: 0761 46 24 62 | L89: Norra Torngatan 24 | M89: Norra Torngatan 24 | N89: 531 31 Lidköping | O89: 556113-8826 | P89: Hemköpskedjan AB | Q89: 073-053 06 07 | R89: Egenägd
A90: Hemköp Lindesberg Bergslagsvägen | B90: 4545 | C90: Norr Handlarägd | D90: Bergslagsvägen 3 | E90: 711 34 Lindesberg | F90: 0581-886 66 | G90: Johan Eriksson | H90: 070-5423488;070-3731380;070-6282726 | I90: johan.eriksson@hemkop.se;eva.pettersson2@hemkop.se;mattias.johansson2@hemkop.se | L90: Bergslagsvägen 3 | M90: Bergslagsvägen 3 | N90: 711 34 Lindesberg | O90: 556708-4511 | P90: Pejmej AB | Q90: 0581-886 60/070-628 27 26 | R90: Handlarägd | S90: Får ej beställa via Axfoods fraktavtal
A91: Hemköp Linköping Lucullus | B91: 4552 | C91: Stockholm 2 - Mitt Handlarägd | D91: Stora Torget 5 | E91: 582 19 Linköping | F91: 013-12 11 51 | G91: Andreas Book, Micael Jacobsson | H91: 076-8787720 | I91: andreas.book@hemkop.se;micael.jacobsson@hemkop.se | L91: Stora Torget 5 | M91: Stora Torget 5 | N91: 582 19 Linköping | O91: 556679-7238 | P91: Matkällarn i Linköping AB | Q91: 013-12 11 51 | R91: Handlarägd | S91: Får ej beställa via Axfoods fraktavtal
A92: Hemköp Linköping Ryd | B92: 4193 | C92: Mitt Egenägd | D92: Ryds Centrum | E92: 584 32 Linköping | F92: 013-20 34 80 | G92: Stefan Larsson,Thomas Eriksson | H92: 010-4744193 | I92: butikschef.hemkoplinkopingryd.4193@hemkop.se | K92: 0727 22 33 04 / 072 184 09 91 | L92: Ryds Centrum | M92: Ryds Centrum | N92: 584 32 Linköping | O92: 556113-8826 | P92: Hemköpskedjan AB | Q92: 013- 20 34 80 | R92: Egenägd
A93: Hemköp Linköping Storgatan | B93: 4277 | C93: Mitt Egenägd | D93: Storgatan 11A | E93: 582 23 Linköping | F93: 013-24 20 70 | G93: Eva-Lena Nilsson | H93: 010-4744277 | I93: butikschef.hemkoplinkopingstorgatan.4277@hemkop.se | K93: 0761 09 06 41 | L93: Storgatan 11A | M93: Storgatan 11A | N93: 582 23 Linköping | O93: 556113-8826 | P93: Hemköpskedjan AB | Q93: 013-242078 | R93: Egenägd
A94: Hemköp Linköping Tallboda | B94: 4225 | C94: Mitt Egenägd | D94: Gränsliden 6 | E94: 582 74 Linköping | F94: 013-27 05 91 | G94: Jessica Thellman | H94: 076-1090613 | I94: butikschef.hemkoplinkopingtallboda.4225@hemkop.se | K94: 076 109 06 13 | L94: Gränsliden 6 | M94: Gränsliden 6 | N94: 582 74 Linköping | O94: 556113-8826 | P94: Hemköpskedjan AB | R94: Egenägd
A95: Hemköp Linköping Vasastaden | B95: 4701 | C95: Stockholm 2 - Mitt Handlarägd | D95: Nordengatan 9 | E95: 582 77 Linköping | F95: 013-311 515 | G95: B-G Fullmestad,Björn Fullmestad,Fredrik Fullmestad | H95: 070-5675073 | I95: bjorn.fullmestad@hemkop.se;fredrik.fullmestad@hemkop.se | L95: Nordengatan 9 | M95: Nordengatan 9 | N95: 582 77 Linköping | O95: 556533-0445 | P95: BGF-butikerna i Linköping AB | R95: Handlarägd | S95: Får ej beställa via Axfoods fraktavtal
A96: Hemköp Ljungbyhed C | B96: 4549 | C96: Syd Handlarägd | D96: Storgatan 8 | E96: 260 70 Ljungbyhed | F96: 0435-44 10 30 | G96: Jessica Moline | H96: 070-2302289 | I96: jessica.moline@hemkop.se | L96: Storgatan 8 | M96: Storgatan 8 | N96: 260 70 Ljungbyhed | O96: 556119-2039 | P96: Lars & Fias Matbod i L-hed AB | R96: Handlarägd | S96: Får ej beställa via Axfoods fraktavtal
A97: Hemköp Ljungsbro C | B97: 4550 | C97: Stockholm 2 - Mitt Handlarägd | D97: Löjtnantsgatan 2 | E97: 590 60 Ljungsbro | F97: 013-630 40 | G97: Patrik Ryding | H97: 073-6222264 | I97: info.ljungsbro@hemkop.se | L97: Löjtnantsgatan 2 | M97: Löjtnantsgatan 2 | N97: 590 60 Ljungsbro | O97: 556725-9964 | P97: Ljungsbrohallen Patrik Ryding AB | R97: Handlarägd | S97: Får ej beställa via Axfoods fraktavtal
A98: Hemköp Lund Brunnshög | B98: 4224 | C98: Syd Egenägd | D98: Telefonistgatan12 | E98: 224 81 Lund | F98: 046-654 49 80 | G98: Joel Blondell | H98: 010-4744224 | I98: butikschef.hemkoplundbrunnshog.4224@hemkop.se | K98: 0730 51 65 44 | L98: Solbjersvägen 32 | M98: Telefonistgatan 12 | N98: 224 81 Lund | O98: 556113-8826 | P98: Hemköpskedjan AB | R98: Egenägd
A99: Hemköp Lund Karhögstorg | B99: 4123 | C99: Syd Egenägd | D99: Karhögstorg 2A | E99: 223 58 Lund | F99: 046-300 480 | G99: Max Sörensson | H99: 010-4744123 | I99: butikschef.hemkoplundkarhogstorg.4123@hemkop.se | K99: 0761 13 03 66 | L99: Karhögstorg 2A | M99: Karhögstorg 2A | N99: 223 58 Lund | O99: 556113-8826 | P99: Hemköpskedjan AB | Q99: 046-30 04 84 | R99: Egenägd
A100: Hemköp Malmköping Torget | B100: 4721 | C100: Norr Handlarägd | D100: Stora Torget | E100: 642 60 Malmköping | F100: 0157-20009 | G100: Fredrik Alexandersson | H100: 073-9129440 | I100: fredrik.alexandersson@hemkop.se | L100: Stora Torget | M100: Stora Torget | N100: 642 60 Malmköping | O100: 559011-0572 | P100: AB PILLERNISSARNAS MAT | R100: Handlarägd | S100: Får ej beställa via Axfoods fraktavtal
...

Sheet Organisationsobjekt steg 1
A1: Objektnamn | B1: Objektherarkiskt intrimnumer | C1: Överordnat objekt intrim
A2: Axfood Sverige | B2: 1 | C2: -
A3: Hemköp kedjan | B3: 2 | C3: 1
A4: Göteborg Egenägd | B4: 3 | C4: 2
A5: Mitt Egenägd | B5: 4 | C5: 2
A6: Norr Handlarägd | B6: 5 | C6: 2
A7: Stockholm 1 Handlarägd | B7: 6 | C7: 2
A8: Stockholm 2 - Mitt Handlarägd | B8: 7 | C8: 2
A9: Stockholm Egenägd | B9: 8 | C9: 2
A10: Stockholm-Norr Egenägd | B10: 9 | C10: 2
A11: Syd Egenägd | B11: 10 | C11: 2
A12: Syd Handlarägd | B12: 11 | C12: 2
A13: Väst Handlarägd | B13: 12 | C13: 2

Sheet Butiksobjekt steg 2
B1: Fasta objektimportfält | H1: Metadata
H2: Region (Metadata asociationsnamn) | I2: Butikschef
A3: Intrumnummer | B3: Objektnamn | C3: Intrumnummer | D3: Överordnat objekt | E3: Postadress | F3: Postnr | G3: Ort | H3: Region | I3: Namn | J3: Telefon | K3: E-post
A4: 1 | B4: Associerad Börjes Tingsryd | C4: 1 | D4: 11 | E4: Box 7 | F4: 362 21 | G4: Tingsryd | H4: Syd Handlarägd | I4: Anna Rungegård | J4: 0477-482 00 | K4: anna.rungegard@hemkop.se ; pernilla.malm@hemkop.se
A5: 2 | B5: Associerad Extra Mjällby Listerlandet | C5: 2 | D5: 11 | E5: Remelinvägen 4a | F5: 294 00 | G5: Sölvesborg | H5: Syd Handlarägd | I5: Albin Håkansson | J5: 070-7749171 | K5: albin.hakansson@butikskontakt.se
A6: 3 | B6: Associerad Fittja Matmarknad Norsborg | C6: 3 | D6: 7 | E6: Fittja Torg 21 | F6: 145 51 | G6: Norsborg | H6: Stockholm 2 - Mitt Handlarägd | I6: Resül Yetim | J6: 073-9800583 | K6: resul.yetim@hemkop.se
A7: 4 | B7: Associerad Fresha Stockholm Hässelby | C7: 4 | D7: 6 | E7: Hässelby Torg 7 | F7: 165 55 | G7: Hässelby | H7: Stockholm 1 Handlarägd | I7: Savyo Markus / Stivan Marqus | J7: 073-9975400 | K7: savyo.markus@butikskontakt.se ; sm-matbutik@hotmail.com
A8: 5 | B8: Associerad Hemköp Gråbo Bonum | C8: 5 | D8: 12 | E8: Mjörnbotorget 2 | F8: 443 42 | G8: Gråbo | H8: Väst Handlarägd | I8: Svante Kedner | J8: 070-514 13 25 | K8: svante.kedner@hemkop.se
A9: 6 | B9: Associerad Hovsjö Matcenter | C9: 6 | D9: 6 | E9: Björnövägen 10 | F9: 151 65 | G9: Södertälje | H9: Stockholm 1 Handlarägd | I9: Leden Shamoon | J9: 070-4674227 | K9: leden.shamoon@butikskontakt.se
A10: 7 | B10: Associerad Hörby Lågprisaffär | C10: 7 | D10: 11 | E10: Nygatan 29 | F10: 242 33 | G10: Hörby | H10: Syd Handlarägd | I10: Bengt V Hansson | J10: 070-5110112 | K10: bengt.hansson@butikskontakt.se
A11: 8 | B11: Associerad Ingaröhallen Brunn | C11: 8 | D11: 7 | E11: Pastor Ödmans Väg 2 | F11: 134 60 | G11: Ingarö | H11: Stockholm 2 - Mitt Handlarägd | I11: Johan Edlund | J11: 070-9266211 | K11: johan.edlund@butikskontakt.se
A12: 9 | B12: Associerad Lågprisvaruhuset MEJK Lindesberg | C12: 9 | D12: 5 | E12: Bandygatan 2C | F12: 711 34 | G12: Lindesberg | H12: Norr Handlarägd | I12: Mikael Karlsson | J12: 070-6747180 | K12: mikael.karlsson@butikskontakt.se
A13: 10 | B13: Associerad Matköp Tumba Storvreten | C13: 10 | D13: 6 | E13: Storvretsvägen 13 | F13: 147 54 | G13: Tumba | H13: Stockholm 1 Handlarägd | I13: Georgez Tannous | J13: 070-4832987 | K13: georgez.tannous@butikskontakt.se
A14: 11 | B14: Associerad Matvärlden Kungens Kurva | C14: 11 | D14: 7 | E14: Tangentvägen 14 A | F14: 141 75 | G14: Kungens Kurva | H14: Stockholm 2 - Mitt Handlarägd | I14: Muhittin Tayli | J14: 0704-945626 | K14: jt@matvarlden.se ; jonas.tayli@butikskontakt.se
A15: 12 | B15: Associerad Matvärlden Veddesta | C15: 12 | D15: 7 | E15: Nettovägen 2-4 | F15: 175 41 | G15: Järfälla | H15: Stockholm 2 - Mitt Handlarägd | I15: Muhittin Tayli | J15: 0704-945626 | K15: jt@matvarlden.se ; jonas.tayli@butikskontakt.se
... A121: 118 | B121: Hemköp Norrköping Ljura | C121: 118 | D121: 4 | E121: Ljuragatan 1 | F121: 603 51 | G121: Norrköping | H121: Mitt Egenägd | I121: Jimmy Wolffberg | J121: 010-4744232 | K121: butikschef.hemkopnorrkopingljura.4232@hemkop.se
A122: 119 | B122: Hemköp Nossebro C (tidigare 4762) KONKURS | C122: 119 | D122: 12 | E122: Södravägen 2 | F122: 465 31 | G122: Nossebro | H122: Väst Handlarägd
A123: 120 | B123: Hemköp Nyköping C | C123: 120 | D123: 7 | E123: Västra Storgatan 13 | F123: 611 32 | G123: Nyköping | H123: Stockholm 2 - Mitt Handlarägd | I123: Emil Bergkvist | J123: 073 812 75 66 | K123: emil.bergkvist@hemkop.se
A124: 121 | B124: Hemköp Nyköping Spelhagen | C124: 121 | D124: 7 | E124: Arnöleden 5 | F124: 611 31 | G124: Nyköping | H124: Stockholm 2 - Mitt Handlarägd | I124: Robin Ljung & Elin Lundborg | J124: 070-3851970;070-2026208 | K124: jimmy.fagelqvist@hemkop.se; elin.lundborg@hemkop.se;robin.ljungh@hemkop.se
A125: 122 | B125: Hemköp Onsala C | C125: 122 | D125: 11 | E125: Onsala Kyrkby | F125: 439 23 | G125: Onsala | H125: Syd Handlarägd | I125: Jessika Österström | J125: 070-5775089 | K125: jessika.osterstrom@hemkop.se
A126: 123 | B126: Hemköp Oskarström Blåklintsvägen | C126: 123 | D126: 10 | E126: Blåklintsvägen 36 | F126: 313 32 | G126: Oskarström | H126: Syd Egenägd | I126: Gustav Ågren | J126: 010-4744202 | K126: butikschef.hemkoposkarstromblaklintsvagen.4202@hemkop.se
A127: 124 | B127: Hemköp Rättvik C | C127: 124 | D127: 9 | E127: Storgatan 8 | F127: 795 30 | G127: Rättvik | H127: Stockholm-Norr Egenägd | I127: Anders Thynell | J127: 010-4744156 | K127: butikschef.hemkoprattvikc.4156@hemkop.se
A128: 125 | B128: Hemköp Sabis Stockholm Fältöversten | C128: 125 | D128: 6 | E128: Karlaplan 13 | F128: 115 20 | G128: Stockholm | H128: Stockholm 1 Handlarägd | I128: Cecilia Hedman Stenqvist | J128: 073-5252260 | K128: cecilia.hedman.stenqvist@hemkop.se
A129: 126 | B129: Hemköp Saltsjö-Boo Lännersta | C129: 126 | D129: 8 | E129: Prästkragens väg 3 | F129: 132 45 | G129: Saltsjö-Boo | H129: Stockholm Egenägd | I129: Jerker Andersson | J129: 010-4744183 | K129: butikschef.hemkopsaltsjo-boolannersta.4183@hemkop.se
A130: 127 | B130: Hemköp Sjöbo Blentarp | C130: 127 | D130: 11 | E130: Skurupsvägen 1 | F130: 275 61 | G130: Blentarp | H130: Syd Handlarägd | I130: Lars-Erik Gerdin | J130: 070-5716555 | K130: lars-erik.gerdin@hemkop.se
A131: 128 | B131: Hemköp Skillingaryd Artillerigatan | C131: 128 | D131: 10 | E131: Artellerigatan 28 | F131: 568 30 | G131: Skillingaryd | H131: Syd Egenägd | I131: Jennifer Jern Fält | J131: 010-4744307 | K131: butikschef.hemkopskillingarydartillerigatan.4307@hemkop.se
A132: 129 | B132: Hemköp Skövde C | C132: 129 | D132: 4 | E132: Petter Helenes gata 6 | F132: 541 30 | G132: Skövde | H132: Mitt Egenägd | I132: Henrik Hermansson | J132: 010-4744195 | K132: butikschef.hemkopskovdec.4195@hemkop.se
A133: 130 | B133: Hemköp Skövde Hentorp | C133: 130 | D133: 12 | E133: Grönavägen 48 | F133: 54154 S | G133: kövde | H133: Väst Handlarägd | I133: Peter Lindér | J133: 070-7436343 | K133: peter.linder@hemkop.se
A134: 131 | B134: Hemköp Skövde Rydshallen | C134: 131 | D134: 12 | E134: Timmervägen 1 | F134: 541 64 | G134: Skövde | H134: Väst Handlarägd | I134: Peter Lindér | J134: 070-7436343 | K134: peter.linder@hemkop.se
... A223: 220 | B223: Hemköp Östervåla | C223: 220 | D223: 5 | E223: Stora Torget 3:a | F223: 740 46 | G223: Östervåla | H223: Norr Handlarägd | I223: Henrik Olsson | J223: 076-1131178 | K223: henrik.olsson1@hemkop.se

Sheet Objekt i butiker steg 3
A1: Fasta objektimportfält | D1: Metadata
B2: Skapas av Traivo
A3: Objektnamn | B3: Släktnamn | C3: Överordnat objekt | D3: Antal | E3: Tömningsdag | F3: Objekt typ | G3: Färg
A4: Pantkärl | B4: =CONCATENATE(VLOOKUP(C4,'Butiksobjekt steg 2'!A:B,2,FALSE)," ",A4) -> Associerad Börjes Tingsryd Pantkärl | C4: 1 | D4: =RANDBETWEEN(8,53) -> 52 | E4: =RANDBETWEEN(1,5) -> 2 | F4: =A4 -> Pantkärl | G4: Grön
A5: Matavfallskärl | B5: =CONCATENATE(VLOOKUP(C5,'Butiksobjekt steg 2'!A:B,2,FALSE)," ",A5) -> Associerad Börjes Tingsryd Matavfallskärl | C5: 1 | D5: =RANDBETWEEN(8,53) -> 27 | E5: =RANDBETWEEN(1,5) -> 1 | F5: =A5 -> Matavfallskärl | G5: Blå
A6: Pantkärl | B6: =CONCATENATE(VLOOKUP(C6,'Butiksobjekt steg 2'!A:B,2,FALSE)," ",A6) -> Associerad Extra Mjällby Listerlandet Pantkärl | C6: 2 | D6: =RANDBETWEEN(8,53) -> 8 | E6: =RANDBETWEEN(1,5) -> 4 | F6: =A6 -> Pantkärl | G6: Brun
A7: Matavfallskärl | B7: =CONCATENATE(VLOOKUP(C7,'Butiksobjekt steg 2'!A:B,2,FALSE)," ",A7) -> Associerad Extra Mjällby Listerlandet Matavfallskärl | C7: 2 | D7: =RANDBETWEEN(8,53) -> 49 | E7: =RANDBETWEEN(1,5) -> 3 | F7: =A7 -> Matavfallskärl | G7: Grön
A8: Kuundvagnsgarage | B8: =CONCATENATE(VLOOKUP(C8,'Butiksobjekt steg 2'!A:B,2,FALSE)," ",A8) -> Associerad Extra Mjällby Listerlandet Kuundvagnsgarage | C8: 2 | D8: =RANDBETWEEN(8,53) -> 8 | E8: =RANDBETWEEN(1,5) -> 3 | F8: =A8 -> Kuundvagnsgarage | G8: Blå
A9: Pantkärl | B9: =CONCATENATE(VLOOKUP(C9,'Butiksobjekt steg 2'!A:B,2,FALSE)," ",A9) -> Associerad Fittja Matmarknad Norsborg Pantkärl | C9: 3 | D9: =RANDBETWEEN(8,53) -> 27 | E9: =RANDBETWEEN(1,5) -> 4 | F9: =A9 -> Pantkärl | G9: Brun
A10: Matavfallskärl | B10: =CONCATENATE(VLOOKUP(C10,'Butiksobjekt steg 2'!A:B,2,FALSE)," ",A10) -> Associerad Fittja Matmarknad Norsborg Matavfallskärl | C10: 3 | D10: =RANDBETWEEN(8,53) -> 24 | E10: =RANDBETWEEN(1,5) -> 1 | F10: =A10 -> Matavfallskärl | G10: Grön
A11: Kuundvagnsgarage | B11: =CONCATENATE(VLOOKUP(C11,'Butiksobjekt steg 2'!A:B,2,FALSE)," ",A11) -> Associerad Fittja Matmarknad Norsborg Kuundvagnsgarage | C11: 3 | D11: =RANDBETWEEN(8,53) -> 14 | E11: =RANDBETWEEN(1,5) -> 3 | F11: =A11 -> Kuundvagnsgarage | G11: Blå
A12: Pantkärl | B12: =CONCATENATE(VLOOKUP(C12,'Butiksobjekt steg 2'!A:B,2,FALSE)," ",A12) -> Associerad Fresha Stockholm Hässelby Pantkärl | C12: 4 | D12: =RANDBETWEEN(8,53) -> 27 | E12: =RANDBETWEEN(1,5) -> 1 | F12: =A12 -> Pantkärl | G12: Brun
A13: Matavfallskärl | B13: =CONCATENATE(VLOOKUP(C13,'Butiksobjekt steg 2'!A:B,2,FALSE)," ",A13) -> Associerad Fresha Stockholm Hässelby Matavfallskärl | C13: 4 | D13: =RANDBETWEEN(8,53) -> 18 | E13: =RANDBETWEEN(1,5) -> 4 | F13: =A13 -> Matavfallskärl | G13: Grön
A14: Kuundvagnsgarage | B14: =CONCATENATE(VLOOKUP(C14,'Butiksobjekt steg 2'!A:B,2,FALSE)," ",A14) -> Associerad Fresha Stockholm Hässelby Kuundvagnsgarage | C14: 4 | D14: =RANDBETWEEN(8,53) -> 37 | E14: =RANDBETWEEN(1,5) -> 4 | F14: =A14 -> Kuundvagnsgarage | G14: Blå
A15: Pantkärl | B15: =CONCATENATE(VLOOKUP(C15,'Butiksobjekt steg 2'!A:B,2,FALSE)," ",A15) -> Associerad Hemköp Gråbo Bonum Pantkärl | C15: 5 | D15: =RANDBETWEEN(8,53) -> 18 | E15: =RANDBETWEEN(1,5) -> 3 | F15: =A15 -> Pantkärl | G15: Brun
... A662: Kuundvagnsgarage | B662: =CONCATENATE(VLOOKUP(C662,'Butiksobjekt steg 2'!A:B,2,FALSE)," ",A662) -> Hemköp Östervåla Kuundvagnsgarage | C662: 220 | D662: =RANDBETWEEN(8,53) -> 49 | E662: =RANDBETWEEN(1,5) -> 5 | F662: =A662 -> Kuundvagnsgarage | G662: Blå

Sheet Metadatareferenser
A1: Metadataområde | B1: Ref assosiations Namn | C1: Nummer | D1: Beskrivning | E1: Dataformat | F1: Datafält | G1: Fasta val | H1: Nivålåst | I1: Tillåt dubletter | J1: Kronologisk visning
A2: Grunduppgifter | B2: Kontakt | C2: 1 | D2: Namn på kontaktperson | E2: Alfanumeriskt | F2: Förnmn, efternamn, Titel, Företag, telefon, e-post | G2: Nej | H2: Nej | I2: Ja | J2: ja
A3: Grunduppgifter | B3: Vinjetbild | C3: 3 | D3: Bild på objekt | E3: JPG | F3: Bildfilrefferens | G3: Nej | H3: Ja | I3: Nej | J3: Ja
A4: Produktion | B4: Typ | C4: 6 | D4: Objekttyp | E4: Alfanumeriskt | F4: Objektyp | G4: Nej | H4: Ja | I4: Ja | J4: ja
A5: Produktion | B5: Antal | C5: 9 | D5: Antal | E5: Numeriskt | F5: antal | G5: Nej | H5: Ja | I5: Nej | J5: Ja
A6: Produktion | B6: Yta | C6: 12 | D6: Antal m2 | E6: Numeriskt | F6: antal m2 | G6: Nej
A7: Produktion | B7: Storlek | C7: 15 | D7: 3 storlekar | E7: Alfanumeriskt | F7: Smal/medium/large | G7: Ja
A8: Status | B8: Lyftkrok | C8: 18 | D8: Kontroll lyftkrok
A9: Grunduppgifter | C9: 21
A10: Grunduppgifter | C10: 24
A11: Grunduppgifter | C11: 27
A12: Grunduppgifter | B12: Objektnamn | C12: 1000 | D12: Objektnamn mandatory systemfält | E12: Alfanumeriskt | F12: Namn som bildar släktnamn med överordnat | G12: Nej | H12: Ja | I12: Nej | J12: ja
